epoch,time,train/box_loss,train/cls_loss,train/dfl_loss,metrics/precision(B),metrics/recall(B),metrics/mAP50(B),metrics/mAP50-95(B),val/box_loss,val/cls_loss,val/dfl_loss,lr/pg0,lr/pg1,lr/pg2
1,7.72683,1.1157,4.07979,1.02396,0.00886,0.71061,0.07643,0.04704,0.63036,3.92876,0.77818,0.00013332,0.00013332,0.00013332
2,11.503,0.75986,2.30272,0.90869,0.00499,0.66632,0.1676,0.13259,0.58101,3.88233,0.77689,0.000275,0.000275,0.000275
3,15.08,0.68308,1.71585,0.88688,0.00556,0.70965,0.24735,0.18026,0.56409,3.73172,0.80892,0.000413821,0.000413821,0.000413821
4,20.0082,0.68248,1.34618,0.87548,1,0.11084,0.40698,0.28431,0.56529,3.55722,0.80852,0.000549782,0.000549782,0.000549782
5,24.54,0.61154,1.20666,0.86728,0.00616,0.83238,0.68947,0.59622,0.55548,3.25358,0.83746,0.000682883,0.000682883,0.000682883
6,28.5119,0.58635,1.08649,0.86617,1,0.22247,0.84927,0.74242,0.53483,2.83136,0.83747,0.000813124,0.000813124,0.000813124
7,32.9765,0.57945,0.97743,0.87735,1,0.31952,0.88244,0.74789,0.54353,2.64744,0.84696,0.000940506,0.000940506,0.000940506
8,36.921,0.58953,0.91192,0.84664,0.95053,0.82404,0.9333,0.81096,0.52743,1.81129,0.83918,0.00103401,0.00103401,0.00103401
9,40.5767,0.60633,0.93045,0.85931,0.9634,0.87251,0.96477,0.80934,0.57092,1.23327,0.84651,0.00102301,0.00102301,0.00102301
10,44.8806,0.5742,0.92048,0.85655,0.92387,0.94797,0.97037,0.8299,0.54801,1.10088,0.84753,0.00101201,0.00101201,0.00101201
11,49.1132,0.55013,0.81386,0.85215,0.88157,0.94002,0.96364,0.81243,0.54001,0.88496,0.87146,0.00100101,0.00100101,0.00100101
12,52.7142,0.5717,0.85767,0.86563,0.9069,0.9515,0.97201,0.82708,0.53362,0.86727,0.84298,0.000990012,0.000990012,0.000990012
13,56.4432,0.5577,0.75001,0.85081,0.90334,0.96191,0.9728,0.83733,0.48281,0.81894,0.82831,0.000979013,0.000979013,0.000979013
14,60.9616,0.54328,0.73969,0.85251,0.9281,0.9606,0.97506,0.8367,0.47582,0.75464,0.8357,0.000968014,0.000968014,0.000968014
15,64.5611,0.52017,0.69561,0.84286,0.97703,0.93324,0.98302,0.85261,0.48734,0.77173,0.8445,0.000957015,0.000957015,0.000957015
16,68.171,0.51907,0.71885,0.8479,0.98493,0.95263,0.98493,0.81791,0.52042,0.70235,0.86162,0.000946016,0.000946016,0.000946016
17,72.8716,0.53598,0.711,0.84459,0.97706,0.93299,0.98583,0.85383,0.46586,0.66692,0.85678,0.000935018,0.000935018,0.000935018
18,76.5838,0.52176,0.68414,0.84796,0.98589,0.96962,0.99359,0.84744,0.47186,0.70445,0.84041,0.000924019,0.000924019,0.000924019
19,80.1736,0.53308,0.7256,0.86815,0.98637,0.97204,0.99263,0.83056,0.49853,0.62679,0.86886,0.00091302,0.00091302,0.00091302
20,84.3554,0.49907,0.67339,0.84753,0.98761,0.98078,0.98933,0.8402,0.49182,0.60138,0.86171,0.000902021,0.000902021,0.000902021
21,88.5839,0.51089,0.63653,0.84963,0.98435,0.98088,0.99291,0.86006,0.46099,0.58334,0.84708,0.000891022,0.000891022,0.000891022
22,92.0055,0.4776,0.66689,0.84961,0.9694,0.95681,0.99016,0.8664,0.44152,0.57836,0.84807,0.000880023,0.000880023,0.000880023
23,95.7313,0.48957,0.64099,0.82814,0.95471,0.96543,0.99222,0.84934,0.44068,0.5555,0.85194,0.000869024,0.000869024,0.000869024
24,100.183,0.50669,0.61141,0.85095,0.97311,0.96424,0.9934,0.88343,0.43933,0.58011,0.83461,0.000858025,0.000858025,0.000858025
25,103.92,0.49822,0.59303,0.86211,0.97835,0.98896,0.99351,0.87023,0.43659,0.55008,0.83861,0.000847026,0.000847026,0.000847026
26,107.251,0.48109,0.57445,0.8325,0.98387,0.98514,0.99274,0.87055,0.43564,0.56832,0.833,0.000836027,0.000836027,0.000836027
27,111.848,0.49668,0.56311,0.85499,0.97349,0.96228,0.99052,0.86507,0.4209,0.55498,0.82878,0.000825029,0.000825029,0.000825029
28,115.564,0.49603,0.55202,0.84918,0.97277,0.98967,0.99331,0.86422,0.4344,0.55667,0.84886,0.00081403,0.00081403,0.00081403
29,119.218,0.47268,0.54003,0.83813,0.9787,0.98757,0.99425,0.87017,0.41357,0.49487,0.84382,0.000803031,0.000803031,0.000803031
30,123.316,0.46427,0.52778,0.82732,0.97244,0.98842,0.99479,0.87693,0.46068,0.5112,0.85888,0.000792032,0.000792032,0.000792032
31,127.462,0.46034,0.51101,0.82441,0.98929,0.98963,0.9946,0.87758,0.45021,0.49059,0.85273,0.000781033,0.000781033,0.000781033
32,131.17,0.47293,0.53107,0.8399,0.97239,0.99118,0.99479,0.86384,0.42616,0.47012,0.8434,0.000770034,0.000770034,0.000770034
33,134.68,0.44128,0.48799,0.83375,0.99434,0.99027,0.995,0.87638,0.42943,0.46567,0.84385,0.000759035,0.000759035,0.000759035
34,139.218,0.45159,0.50949,0.81719,0.98359,0.98992,0.99479,0.87812,0.41246,0.46147,0.84582,0.000748036,0.000748036,0.000748036
35,142.876,0.44934,0.49103,0.8379,0.99049,0.97785,0.99479,0.88154,0.41304,0.45618,0.84465,0.000737037,0.000737037,0.000737037
36,146.356,0.44336,0.48646,0.82866,0.97508,0.9868,0.99381,0.88114,0.42729,0.4673,0.84964,0.000726038,0.000726038,0.000726038
37,150.671,0.45297,0.46716,0.82397,0.98659,0.9902,0.9946,0.87817,0.41467,0.44457,0.85438,0.00071504,0.00071504,0.00071504
38,154.585,0.45995,0.47537,0.84861,0.97721,0.96579,0.99409,0.87983,0.41697,0.45628,0.84799,0.000704041,0.000704041,0.000704041
39,158.233,0.43958,0.4786,0.82858,0.96179,0.98585,0.99367,0.8844,0.40896,0.43492,0.84106,0.000693042,0.000693042,0.000693042
40,162.074,0.43139,0.45497,0.82291,0.98818,0.98288,0.99394,0.87525,0.41387,0.46028,0.83359,0.000682043,0.000682043,0.000682043
41,166.418,0.4521,0.47151,0.82424,0.99017,0.9868,0.99363,0.87374,0.40238,0.43535,0.83322,0.000671044,0.000671044,0.000671044
42,169.891,0.44775,0.45348,0.83584,0.99698,0.96524,0.99259,0.88407,0.41404,0.42395,0.83735,0.000660045,0.000660045,0.000660045
43,173.418,0.42446,0.43633,0.832,0.9834,0.99128,0.99479,0.87959,0.39968,0.42031,0.83497,0.000649046,0.000649046,0.000649046
44,178.024,0.41236,0.41812,0.81531,0.99043,0.98319,0.99442,0.88904,0.39384,0.4017,0.84113,0.000638047,0.000638047,0.000638047
45,181.861,0.43616,0.43857,0.83614,0.99236,0.98383,0.99424,0.88074,0.40928,0.40471,0.84409,0.000627048,0.000627048,0.000627048
46,185.552,0.41714,0.43047,0.83517,0.98669,0.9868,0.99391,0.88921,0.40009,0.41685,0.83663,0.000616049,0.000616049,0.000616049
47,189.675,0.41551,0.43324,0.82586,0.97559,0.98715,0.99394,0.88598,0.38927,0.39949,0.83478,0.000605051,0.000605051,0.000605051
48,193.48,0.43154,0.44241,0.827,0.98846,0.98953,0.99442,0.8821,0.4135,0.40951,0.84151,0.000594052,0.000594052,0.000594052
49,197.343,0.43766,0.42815,0.8293,0.98709,0.99253,0.99442,0.87982,0.40148,0.39438,0.84371,0.000583053,0.000583053,0.000583053
50,200.865,0.44305,0.42346,0.83591,0.98538,0.98122,0.9946,0.87196,0.43071,0.39901,0.84727,0.000572054,0.000572054,0.000572054
51,205.31,0.41898,0.42023,0.83258,0.97682,0.98104,0.99329,0.89616,0.38834,0.39059,0.83838,0.000561055,0.000561055,0.000561055
52,209.257,0.43187,0.43039,0.83418,0.97801,0.98967,0.9916,0.88514,0.39948,0.38746,0.84019,0.000550056,0.000550056,0.000550056
53,212.771,0.41763,0.41209,0.82573,0.97278,0.98981,0.99425,0.89158,0.40633,0.38917,0.84546,0.000539057,0.000539057,0.000539057
54,217.054,0.41193,0.40305,0.82523,0.97455,0.98959,0.99442,0.89596,0.39145,0.3889,0.84076,0.000528058,0.000528058,0.000528058
55,221.081,0.41212,0.39542,0.81702,0.96788,0.98646,0.99479,0.88783,0.41031,0.3823,0.84166,0.000517059,0.000517059,0.000517059
56,224.829,0.41332,0.38886,0.81733,0.97317,0.9883,0.99479,0.89095,0.38137,0.3628,0.83399,0.00050606,0.00050606,0.00050606
57,228.263,0.42523,0.41453,0.82439,0.9892,0.98938,0.99479,0.88632,0.40308,0.38139,0.84081,0.000495062,0.000495062,0.000495062
58,233.057,0.42654,0.40806,0.81707,0.9764,0.99286,0.99479,0.89587,0.38409,0.36134,0.84062,0.000484063,0.000484063,0.000484063
59,236.722,0.3954,0.38772,0.81229,0.96616,0.97655,0.99479,0.90673,0.37955,0.36745,0.84232,0.000473064,0.000473064,0.000473064
60,240.35,0.41527,0.37344,0.83338,0.99227,0.94827,0.9946,0.89107,0.3793,0.36913,0.84111,0.000462065,0.000462065,0.000462065
61,244.753,0.38208,0.37099,0.82135,0.97599,0.97672,0.99394,0.896,0.38667,0.37568,0.84463,0.000451066,0.000451066,0.000451066
62,248.702,0.41611,0.41053,0.83652,0.97948,0.98735,0.9946,0.89704,0.38896,0.3699,0.84522,0.000440067,0.000440067,0.000440067
63,252.268,0.38732,0.38399,0.82534,0.98113,0.98956,0.9946,0.90783,0.37897,0.35672,0.84567,0.000429068,0.000429068,0.000429068
64,255.82,0.38963,0.37697,0.81488,0.97765,0.99174,0.99479,0.89057,0.38777,0.36119,0.85036,0.000418069,0.000418069,0.000418069
65,260.684,0.39359,0.35502,0.81531,0.979,0.99066,0.99479,0.89572,0.38371,0.35334,0.84369,0.00040707,0.00040707,0.00040707
66,264.214,0.39595,0.37506,0.82148,0.99299,0.9866,0.99479,0.90492,0.37203,0.34344,0.84192,0.000396071,0.000396071,0.000396071
67,267.929,0.39115,0.38232,0.82907,0.99302,0.98003,0.99479,0.89638,0.39025,0.35016,0.84034,0.000385073,0.000385073,0.000385073
68,272.588,0.4063,0.39411,0.81976,0.98372,0.99053,0.9946,0.89784,0.38848,0.34497,0.83805,0.000374074,0.000374074,0.000374074
69,276.482,0.40433,0.36176,0.81792,0.97743,0.98774,0.9946,0.89018,0.39497,0.35697,0.83974,0.000363075,0.000363075,0.000363075
70,280.043,0.39659,0.37363,0.82184,0.98247,0.96726,0.99222,0.89055,0.38955,0.35821,0.84349,0.000352076,0.000352076,0.000352076
71,284.126,0.39878,0.36228,0.81097,0.97536,0.98769,0.9946,0.90927,0.35957,0.33915,0.83721,0.000341077,0.000341077,0.000341077
72,288.144,0.38588,0.34599,0.81326,0.98044,0.99241,0.9946,0.90124,0.38665,0.34645,0.84527,0.000330078,0.000330078,0.000330078
73,291.804,0.36746,0.34305,0.81453,0.97051,0.99286,0.9946,0.90522,0.37381,0.33407,0.84524,0.000319079,0.000319079,0.000319079
74,295.307,0.39142,0.34465,0.80692,0.98124,0.99286,0.9946,0.90027,0.37728,0.32777,0.84674,0.00030808,0.00030808,0.00030808
75,299.71,0.39244,0.34275,0.82118,0.98994,0.99017,0.9946,0.90327,0.3693,0.327,0.84422,0.000297081,0.000297081,0.000297081
76,303.671,0.38409,0.346,0.81504,0.99104,0.9922,0.99442,0.90349,0.38116,0.32562,0.84068,0.000286083,0.000286083,0.000286083
77,307.328,0.37846,0.34902,0.81793,0.98623,0.99241,0.9946,0.90876,0.37064,0.32447,0.83861,0.000275084,0.000275084,0.000275084
78,311.965,0.3729,0.33629,0.81155,0.98101,0.99157,0.9946,0.90888,0.36023,0.31966,0.83558,0.000264085,0.000264085,0.000264085
79,315.915,0.38473,0.33426,0.82085,0.98198,0.99286,0.9946,0.90691,0.37998,0.32166,0.83854,0.000253086,0.000253086,0.000253086
80,319.401,0.37571,0.32889,0.80349,0.98564,0.99286,0.9946,0.89954,0.36711,0.31797,0.83679,0.000242087,0.000242087,0.000242087
81,323.27,0.39172,0.32965,0.81603,0.98693,0.99137,0.99442,0.90554,0.37941,0.3223,0.83748,0.000231088,0.000231088,0.000231088
82,327.532,0.381,0.33137,0.8239,0.99059,0.98921,0.99442,0.89798,0.36598,0.32423,0.83289,0.000220089,0.000220089,0.000220089
83,331.209,0.37342,0.32702,0.81723,0.99056,0.99073,0.9946,0.90429,0.36758,0.31884,0.83375,0.00020909,0.00020909,0.00020909
84,334.723,0.36722,0.3231,0.80611,0.98186,0.99286,0.99479,0.89515,0.36989,0.31049,0.83495,0.000198091,0.000198091,0.000198091
85,339.246,0.35808,0.31383,0.81002,0.98158,0.99286,0.99479,0.89686,0.36437,0.30855,0.83223,0.000187092,0.000187092,0.000187092
86,342.941,0.35338,0.32002,0.80307,0.98667,0.99094,0.99479,0.90275,0.36236,0.30518,0.83332,0.000176094,0.000176094,0.000176094
87,346.402,0.36524,0.32563,0.81436,0.98813,0.9902,0.9946,0.89863,0.36537,0.30524,0.83333,0.000165095,0.000165095,0.000165095
88,350.552,0.34885,0.30344,0.79797,0.98311,0.99251,0.9946,0.90533,0.35,0.30062,0.83128,0.000154096,0.000154096,0.000154096
89,354.751,0.36582,0.33176,0.80374,0.98111,0.99286,0.9946,0.90689,0.35201,0.29848,0.83281,0.000143097,0.000143097,0.000143097
90,358.525,0.36301,0.31256,0.80912,0.98119,0.99262,0.99479,0.89981,0.3564,0.29994,0.83326,0.000132098,0.000132098,0.000132098
91,364.282,0.35205,0.34777,0.80591,0.98081,0.99193,0.99479,0.89637,0.355,0.30422,0.8315,0.000121099,0.000121099,0.000121099
92,368.788,0.34197,0.33669,0.80697,0.98167,0.99206,0.99479,0.90425,0.35894,0.3131,0.83212,0.0001101,0.0001101,0.0001101
93,372.466,0.34062,0.35357,0.81808,0.98477,0.99149,0.9946,0.90409,0.35394,0.3092,0.83155,9.91012e-05,9.91012e-05,9.91012e-05
94,375.961,0.33394,0.32091,0.79463,0.98687,0.99075,0.9946,0.9061,0.35543,0.30569,0.83503,8.81023e-05,8.81023e-05,8.81023e-05
95,380.357,0.33466,0.32131,0.80334,0.98623,0.99075,0.9946,0.90565,0.35551,0.30597,0.834,7.71034e-05,7.71034e-05,7.71034e-05
96,384.162,0.32945,0.3178,0.79833,0.98398,0.99102,0.99442,0.90939,0.36078,0.30839,0.83492,6.61045e-05,6.61045e-05,6.61045e-05
97,387.696,0.32862,0.31755,0.80674,0.97796,0.9868,0.99424,0.91064,0.35542,0.30378,0.83305,5.51056e-05,5.51056e-05,5.51056e-05
98,392.174,0.32981,0.30988,0.80588,0.9744,0.9868,0.99424,0.91148,0.35449,0.29901,0.83283,4.41067e-05,4.41067e-05,4.41067e-05
99,395.796,0.31591,0.30667,0.78923,0.97156,0.98703,0.99424,0.91198,0.35288,0.29807,0.83247,3.31078e-05,3.31078e-05,3.31078e-05
100,399.239,0.33068,0.32313,0.79849,0.97075,0.98857,0.99424,0.91168,0.3528,0.29633,0.83351,2.21089e-05,2.21089e-05,2.21089e-05
